S.NO,Product_name, Product_Price ,Brand,Discount,Orginal Price,Type
0,Men Solid Polo Neck Black T-Shirt,699,Allen Solly,30%,999,TopWear
1,Men Solid Polo Neck White T-Shirt,699,Allen Solly,30%,999,TopWear
2,Men Printed Polo Neck Multicolor T-Shirt,719,U.S. POLO ASSN.,60%,"1,799",TopWear
3,Men Regular Fit Striped Spread Collar Casual Shirt,"1,349",PETER ENGLAND,25%,"1,799",TopWear
4,Men Solid Polo Neck Light Blue T-Shirt,699,Allen Solly,30%,999,TopWear
5,Men Typography Round Neck White T-Shirt,839,ADIDAS,40%,"1,399",TopWear
6,Men Printed Polo Neck Blue T-Shirt,379,Wrangler,80%,"1,895",TopWear
7,Men Slim Fit Self Design Spread Collar Casual Shirt,"1,279",PETER ENGLAND,20%,"1,599",TopWear
8,Men Striped Polo Neck White T-Shirt,679,U.S. POLO ASSN.,60%,"1,699",TopWear
9,Men Color Block Polo Neck Grey T-Shirt,719,U.S. POLO ASSN.,60%,"1,799",TopWear
10,Men Slim Fit Striped Spread Collar Casual Shirt,"1,049",PETER ENGLAND,34%,"1,599",TopWear
11,Men Slim Fit Solid Casual Shirt,"1,299",PETER ENGLAND,35%,"1,999",TopWear
12,Men Embroidered Polo Neck Navy Blue T-Shirt,679,U.S. POLO ASSN.,60%,"1,699",TopWear
13,Men Striped Polo Neck Multicolor T-Shirt,679,U.S. POLO ASSN.,60%,"1,699",TopWear
14,Men Striped Polo Neck Beige T-Shirt,759,U.S. POLO ASSN.,60%,"1,899",TopWear
15,Men Embroidered Polo Neck Green T-Shirt,849,U.S. POLO ASSN.,50%,"1,699",TopWear
16,Men Slim Fit Solid Casual Shirt,"1,199",PETER ENGLAND,40%,"1,999",TopWear
17,Men Regular Fit Checkered Spread Collar Casual Shirt,"1,259",PETER ENGLAND,30%,"1,799",TopWear
18,Men Slim Fit Solid Cut Away Collar Casual Shirt,493,HIGHLANDER,62%,"1,299",TopWear
19,Men Solid Polo Neck Multicolor T-Shirt,719,U.S. POLO ASSN.,60%,"1,799",TopWear
20,Men Super Slim Fit Solid Casual Shirt,"1,049",PETER ENGLAND,41%,"1,799",TopWear
21,Men Slim Fit Self Design Casual Shirt,"1,169",PETER ENGLAND,35%,"1,799",TopWear
22,Men Color Block Polo Neck Yellow T-Shirt,719,U.S. POLO ASSN.,60%,"1,799",TopWear
23,Men Color Block Polo Neck Grey T-Shirt,719,U.S. POLO ASSN.,60%,"1,799",TopWear
24,Men Printed Round Neck Dark Blue T-Shirt,499,U.S. POLO ASSN.,50%,999,TopWear
25,Men Typography Round Neck White T-Shirt,909,ADIDAS,35%,"1,399",TopWear
26,Men Slim Fit Solid Casual Shirt,"1,619",PETER ENGLAND,10%,"1,799",TopWear
27,Men Slim Fit Striped Spread Collar Formal Shirt,"1,349",PETER ENGLAND,25%,"1,799",TopWear
28,Men Solid V Neck White T-Shirt,454,U.S. POLO ASSN.,35%,699,TopWear
29,Solid Men Solid Round Neck Black T-Shirt,494,LEVI'S,10%,549,TopWear
30,Men Slim Fit Checkered Formal Shirt,"1,039",PETER ENGLAND,35%,"1,599",TopWear
31,Men Slim Fit Printed Spread Collar Formal Shirt,"1,259",PETER ENGLAND,30%,"1,799",TopWear
32,Men Color Block Polo Neck Multicolor T-Shirt,719,U.S. POLO ASSN.,60%,"1,799",TopWear
33,Men Solid Polo Neck Yellow T-Shirt,679,U.S. POLO ASSN.,60%,"1,699",TopWear
34,Men Striped Polo Neck Black T-Shirt,"1,199",ADIDAS,25%,"1,599",TopWear
35,Men Typography Round Neck Black T-Shirt,839,ADIDAS,40%,"1,399",TopWear
36,Men Slim Fit Checkered Spread Collar Formal Shirt,909,PETER ENGLAND,35%,"1,399",TopWear
37,Men Regular Fit Solid Spread Collar Formal Shirt,"1,049",PETER ENGLAND,34%,"1,599",TopWear
38,Men Striped Polo Neck Multicolor T-Shirt,759,U.S. POLO ASSN.,60%,"1,899",TopWear
39,Men Slim Fit Solid Hood Collar Casual Shirt,759,HIGHLANDER,51%,"1,549",TopWear
40,Men Solid Polo Neck Black T-Shirt,699,Allen Solly,30%,999,TopWear
41,Men Solid Polo Neck White T-Shirt,699,Allen Solly,30%,999,TopWear
42,Men Printed Polo Neck Multicolor T-Shirt,719,U.S. POLO ASSN.,60%,"1,799",TopWear
43,Men Regular Fit Striped Spread Collar Casual Shirt,"1,349",PETER ENGLAND,25%,"1,799",TopWear
44,Men Solid Polo Neck Light Blue T-Shirt,699,Allen Solly,30%,999,TopWear
45,Men Typography Round Neck White T-Shirt,839,ADIDAS,40%,"1,399",TopWear
46,Men Printed Polo Neck Blue T-Shirt,379,Wrangler,80%,"1,895",TopWear
47,Men Slim Fit Self Design Spread Collar Casual Shirt,"1,279",PETER ENGLAND,20%,"1,599",TopWear
48,Men Striped Polo Neck White T-Shirt,679,U.S. POLO ASSN.,60%,"1,699",TopWear
49,Men Color Block Polo Neck Grey T-Shirt,719,U.S. POLO ASSN.,60%,"1,799",TopWear
50,Men Slim Fit Striped Spread Collar Casual Shirt,"1,049",PETER ENGLAND,34%,"1,599",TopWear
51,Men Slim Fit Solid Casual Shirt,"1,299",PETER ENGLAND,35%,"1,999",TopWear
52,Men Embroidered Polo Neck Navy Blue T-Shirt,679,U.S. POLO ASSN.,60%,"1,699",TopWear
53,Men Striped Polo Neck Multicolor T-Shirt,679,U.S. POLO ASSN.,60%,"1,699",TopWear
54,Men Striped Polo Neck Beige T-Shirt,759,U.S. POLO ASSN.,60%,"1,899",TopWear
55,Men Embroidered Polo Neck Green T-Shirt,849,U.S. POLO ASSN.,50%,"1,699",TopWear
56,Men Slim Fit Solid Casual Shirt,"1,199",PETER ENGLAND,40%,"1,999",TopWear
57,Men Regular Fit Checkered Spread Collar Casual Shirt,"1,259",PETER ENGLAND,30%,"1,799",TopWear
58,Men Slim Fit Solid Cut Away Collar Casual Shirt,493,HIGHLANDER,62%,"1,299",TopWear
59,Men Solid Polo Neck Multicolor T-Shirt,719,U.S. POLO ASSN.,60%,"1,799",TopWear
60,Men Super Slim Fit Solid Casual Shirt,"1,049",PETER ENGLAND,41%,"1,799",TopWear
61,Men Slim Fit Self Design Casual Shirt,"1,169",PETER ENGLAND,35%,"1,799",TopWear
62,Men Color Block Polo Neck Yellow T-Shirt,719,U.S. POLO ASSN.,60%,"1,799",TopWear
63,Men Color Block Polo Neck Grey T-Shirt,719,U.S. POLO ASSN.,60%,"1,799",TopWear
64,Men Printed Round Neck Dark Blue T-Shirt,499,U.S. POLO ASSN.,50%,999,TopWear
65,Men Typography Round Neck White T-Shirt,909,ADIDAS,35%,"1,399",TopWear
66,Men Slim Fit Solid Casual Shirt,"1,619",PETER ENGLAND,10%,"1,799",TopWear
67,Men Slim Fit Printed Spread Collar Formal Shirt,"1,259",PETER ENGLAND,30%,"1,799",TopWear
68,Men Solid V Neck White T-Shirt,454,U.S. POLO ASSN.,35%,699,TopWear
69,Solid Men Solid Round Neck Black T-Shirt,494,LEVI'S,10%,549,TopWear
70,Men Slim Fit Striped Spread Collar Formal Shirt,"1,349",PETER ENGLAND,25%,"1,799",TopWear
71,Men Slim Fit Checkered Spread Collar Formal Shirt,909,PETER ENGLAND,35%,"1,399",TopWear
72,Men Color Block Polo Neck Multicolor T-Shirt,719,U.S. POLO ASSN.,60%,"1,799",TopWear
73,Men Solid Polo Neck Yellow T-Shirt,679,U.S. POLO ASSN.,60%,"1,699",TopWear
74,Men Striped Polo Neck Black T-Shirt,"1,199",ADIDAS,25%,"1,599",TopWear
75,Men Typography Round Neck Black T-Shirt,839,ADIDAS,40%,"1,399",TopWear
76,Men Slim Fit Checkered Formal Shirt,"1,039",PETER ENGLAND,35%,"1,599",TopWear
77,Men Regular Fit Solid Spread Collar Formal Shirt,"1,049",PETER ENGLAND,34%,"1,599",TopWear
78,Men Striped Polo Neck Multicolor T-Shirt,759,U.S. POLO ASSN.,60%,"1,899",TopWear
79,Men Slim Fit Solid Hood Collar Casual Shirt,759,HIGHLANDER,51%,"1,549",TopWear
80,Men Solid Polo Neck Black T-Shirt,699,Allen Solly,30%,999,TopWear
81,Men Solid Polo Neck White T-Shirt,699,Allen Solly,30%,999,TopWear
82,Men Printed Polo Neck Multicolor T-Shirt,719,U.S. POLO ASSN.,60%,"1,799",TopWear
83,Men Regular Fit Striped Spread Collar Casual Shirt,"1,349",PETER ENGLAND,25%,"1,799",TopWear
84,Men Solid Polo Neck Light Blue T-Shirt,699,Allen Solly,30%,999,TopWear
85,Men Printed Polo Neck Blue T-Shirt,379,Wrangler,80%,"1,895",TopWear
86,Men Typography Round Neck White T-Shirt,839,ADIDAS,40%,"1,399",TopWear
87,Men Slim Fit Self Design Spread Collar Casual Shirt,"1,279",PETER ENGLAND,20%,"1,599",TopWear
88,Men Striped Polo Neck White T-Shirt,679,U.S. POLO ASSN.,60%,"1,699",TopWear
89,Men Color Block Polo Neck Grey T-Shirt,719,U.S. POLO ASSN.,60%,"1,799",TopWear
90,Men Slim Fit Striped Spread Collar Casual Shirt,"1,049",PETER ENGLAND,34%,"1,599",TopWear
91,Men Slim Fit Solid Casual Shirt,"1,299",PETER ENGLAND,35%,"1,999",TopWear
92,Men Embroidered Polo Neck Navy Blue T-Shirt,679,U.S. POLO ASSN.,60%,"1,699",TopWear
93,Men Embroidered Polo Neck Green T-Shirt,849,U.S. POLO ASSN.,50%,"1,699",TopWear
94,Men Striped Polo Neck Beige T-Shirt,759,U.S. POLO ASSN.,60%,"1,899",TopWear
95,Men Striped Polo Neck Multicolor T-Shirt,679,U.S. POLO ASSN.,60%,"1,699",TopWear
96,Men Slim Fit Solid Casual Shirt,"1,199",PETER ENGLAND,40%,"1,999",TopWear
97,Men Regular Fit Checkered Spread Collar Casual Shirt,"1,259",PETER ENGLAND,30%,"1,799",TopWear
98,Men Slim Fit Solid Cut Away Collar Casual Shirt,350,HIGHLANDER,73%,"1,299",TopWear
99,Men Solid Polo Neck Multicolor T-Shirt,719,U.S. POLO ASSN.,60%,"1,799",TopWear
100,Men Super Slim Fit Solid Casual Shirt,"1,049",PETER ENGLAND,41%,"1,799",TopWear
101,Men Slim Fit Self Design Casual Shirt,"1,169",PETER ENGLAND,35%,"1,799",TopWear
102,Men Color Block Polo Neck Yellow T-Shirt,719,U.S. POLO ASSN.,60%,"1,799",TopWear
103,Men Color Block Polo Neck Grey T-Shirt,719,U.S. POLO ASSN.,60%,"1,799",TopWear
104,Men Printed Round Neck Dark Blue T-Shirt,499,U.S. POLO ASSN.,50%,999,TopWear
105,Men Typography Round Neck White T-Shirt,909,ADIDAS,35%,"1,399",TopWear
106,Men Slim Fit Solid Casual Shirt,"1,619",PETER ENGLAND,10%,"1,799",TopWear
107,Men Slim Fit Striped Spread Collar Formal Shirt,"1,349",PETER ENGLAND,25%,"1,799",TopWear
108,Solid Men Solid Round Neck Black T-Shirt,494,LEVI'S,10%,549,TopWear
109,Men Solid V Neck White T-Shirt,454,U.S. POLO ASSN.,35%,699,TopWear
110,Men Slim Fit Checkered Formal Shirt,"1,039",PETER ENGLAND,35%,"1,599",TopWear
111,Men Slim Fit Printed Spread Collar Formal Shirt,"1,259",PETER ENGLAND,30%,"1,799",TopWear
112,Men Color Block Polo Neck Multicolor T-Shirt,719,U.S. POLO ASSN.,60%,"1,799",TopWear
113,Men Solid Polo Neck Yellow T-Shirt,679,U.S. POLO ASSN.,60%,"1,699",TopWear
114,Men Typography Round Neck Black T-Shirt,839,ADIDAS,40%,"1,399",TopWear
115,Men Solid Polo Neck Red T-Shirt,899,U.S. POLO ASSN.,50%,"1,799",TopWear
116,Men Slim Fit Checkered Spread Collar Formal Shirt,909,PETER ENGLAND,35%,"1,399",TopWear
117,Men Regular Fit Solid Spread Collar Formal Shirt,"1,049",PETER ENGLAND,34%,"1,599",TopWear
118,Men Graphic Print Round Neck Yellow T-Shirt,844,Allen Solly,35%,"1,299",TopWear
119,Men Slim Fit Solid Hood Collar Casual Shirt,759,HIGHLANDER,51%,"1,549",TopWear
120,Men Solid Polo Neck Black T-Shirt,699,Allen Solly,30%,999,TopWear
121,Men Solid Polo Neck White T-Shirt,699,Allen Solly,30%,999,TopWear
122,Men Printed Polo Neck Multicolor T-Shirt,719,U.S. POLO ASSN.,60%,"1,799",TopWear
123,Men Regular Fit Striped Spread Collar Casual Shirt,"1,349",PETER ENGLAND,25%,"1,799",TopWear
124,Men Solid Polo Neck Light Blue T-Shirt,699,Allen Solly,30%,999,TopWear
125,Men Typography Round Neck White T-Shirt,839,ADIDAS,40%,"1,399",TopWear
126,Men Printed Polo Neck Blue T-Shirt,379,Wrangler,80%,"1,895",TopWear
127,Men Slim Fit Self Design Spread Collar Casual Shirt,"1,279",PETER ENGLAND,20%,"1,599",TopWear
128,Men Striped Polo Neck White T-Shirt,679,U.S. POLO ASSN.,60%,"1,699",TopWear
129,Men Color Block Polo Neck Grey T-Shirt,719,U.S. POLO ASSN.,60%,"1,799",TopWear
130,Men Slim Fit Striped Spread Collar Casual Shirt,"1,049",PETER ENGLAND,34%,"1,599",TopWear
131,Men Slim Fit Solid Casual Shirt,"1,299",PETER ENGLAND,35%,"1,999",TopWear
132,Men Embroidered Polo Neck Navy Blue T-Shirt,679,U.S. POLO ASSN.,60%,"1,699",TopWear
133,Men Striped Polo Neck Multicolor T-Shirt,679,U.S. POLO ASSN.,60%,"1,699",TopWear
134,Men Striped Polo Neck Beige T-Shirt,759,U.S. POLO ASSN.,60%,"1,899",TopWear
135,Men Embroidered Polo Neck Green T-Shirt,849,U.S. POLO ASSN.,50%,"1,699",TopWear
136,Men Slim Fit Solid Casual Shirt,"1,199",PETER ENGLAND,40%,"1,999",TopWear
137,Men Regular Fit Checkered Spread Collar Casual Shirt,"1,259",PETER ENGLAND,30%,"1,799",TopWear
138,Men Slim Fit Solid Cut Away Collar Casual Shirt,493,HIGHLANDER,62%,"1,299",TopWear
139,Men Solid Polo Neck Multicolor T-Shirt,719,U.S. POLO ASSN.,60%,"1,799",TopWear
140,Men Super Slim Fit Solid Casual Shirt,"1,049",PETER ENGLAND,41%,"1,799",TopWear
141,Men Slim Fit Self Design Casual Shirt,"1,169",PETER ENGLAND,35%,"1,799",TopWear
142,Men Color Block Polo Neck Yellow T-Shirt,719,U.S. POLO ASSN.,60%,"1,799",TopWear
143,Men Color Block Polo Neck Grey T-Shirt,719,U.S. POLO ASSN.,60%,"1,799",TopWear
144,Men Printed Round Neck Dark Blue T-Shirt,499,U.S. POLO ASSN.,50%,999,TopWear
145,Men Typography Round Neck White T-Shirt,909,ADIDAS,35%,"1,399",TopWear
146,Men Slim Fit Solid Casual Shirt,"1,619",PETER ENGLAND,10%,"1,799",TopWear
147,Men Slim Fit Striped Spread Collar Formal Shirt,"1,349",PETER ENGLAND,25%,"1,799",TopWear
148,Men Solid V Neck White T-Shirt,454,U.S. POLO ASSN.,35%,699,TopWear
149,Solid Men Solid Round Neck Black T-Shirt,494,LEVI'S,10%,549,TopWear
150,Men Slim Fit Checkered Formal Shirt,"1,039",PETER ENGLAND,35%,"1,599",TopWear
151,Men Slim Fit Printed Spread Collar Formal Shirt,"1,259",PETER ENGLAND,30%,"1,799",TopWear
152,Men Color Block Polo Neck Multicolor T-Shirt,719,U.S. POLO ASSN.,60%,"1,799",TopWear
153,Men Solid Polo Neck Yellow T-Shirt,679,U.S. POLO ASSN.,60%,"1,699",TopWear
154,Men Striped Polo Neck Black T-Shirt,"1,199",ADIDAS,25%,"1,599",TopWear
155,Men Typography Round Neck Black T-Shirt,839,ADIDAS,40%,"1,399",TopWear
156,Men Slim Fit Checkered Spread Collar Formal Shirt,909,PETER ENGLAND,35%,"1,399",TopWear
157,Men Regular Fit Solid Spread Collar Formal Shirt,"1,049",PETER ENGLAND,34%,"1,599",TopWear
158,Men Striped Polo Neck Multicolor T-Shirt,759,U.S. POLO ASSN.,60%,"1,899",TopWear
159,Men Slim Fit Solid Hood Collar Casual Shirt,759,HIGHLANDER,51%,"1,549",TopWear
160,Men Solid Polo Neck Black T-Shirt,699,Allen Solly,30%,999,TopWear
161,Men Solid Polo Neck White T-Shirt,699,Allen Solly,30%,999,TopWear
162,Men Printed Polo Neck Multicolor T-Shirt,719,U.S. POLO ASSN.,60%,"1,799",TopWear
163,Men Slim Fit Self Design Spread Collar Casual Shirt,"1,279",PETER ENGLAND,20%,"1,599",TopWear
164,Men Solid Polo Neck Light Blue T-Shirt,699,Allen Solly,30%,999,TopWear
165,Men Typography Round Neck White T-Shirt,839,ADIDAS,40%,"1,399",TopWear
166,Men Printed Polo Neck Blue T-Shirt,379,Wrangler,80%,"1,895",TopWear
167,Men Slim Fit Solid Casual Shirt,"1,299",PETER ENGLAND,35%,"1,999",TopWear
168,Men Striped Polo Neck White T-Shirt,679,U.S. POLO ASSN.,60%,"1,699",TopWear
169,Men Color Block Polo Neck Grey T-Shirt,719,U.S. POLO ASSN.,60%,"1,799",TopWear
170,Men Embroidered Polo Neck Navy Blue T-Shirt,679,U.S. POLO ASSN.,60%,"1,699",TopWear
171,Men Regular Fit Striped Spread Collar Casual Shirt,"1,349",PETER ENGLAND,25%,"1,799",TopWear
172,Men Striped Polo Neck Multicolor T-Shirt,679,U.S. POLO ASSN.,60%,"1,699",TopWear
173,Men Striped Polo Neck Beige T-Shirt,759,U.S. POLO ASSN.,60%,"1,899",TopWear
174,Men Embroidered Polo Neck Green T-Shirt,849,U.S. POLO ASSN.,50%,"1,699",TopWear
175,Men Slim Fit Striped Spread Collar Casual Shirt,"1,049",PETER ENGLAND,34%,"1,599",TopWear
176,Men Slim Fit Solid Cut Away Collar Casual Shirt,493,HIGHLANDER,62%,"1,299",TopWear
177,Men Solid Polo Neck Multicolor T-Shirt,719,U.S. POLO ASSN.,60%,"1,799",TopWear
178,Men Color Block Polo Neck Yellow T-Shirt,719,U.S. POLO ASSN.,60%,"1,799",TopWear
179,Men Slim Fit Solid Casual Shirt,"1,199",PETER ENGLAND,40%,"1,999",TopWear
180,Men Color Block Polo Neck Grey T-Shirt,719,U.S. POLO ASSN.,60%,"1,799",TopWear
181,Men Printed Round Neck Dark Blue T-Shirt,499,U.S. POLO ASSN.,50%,999,TopWear
182,Men Typography Round Neck White T-Shirt,909,ADIDAS,35%,"1,399",TopWear
183,Men Regular Fit Checkered Spread Collar Casual Shirt,"1,259",PETER ENGLAND,30%,"1,799",TopWear
184,Men Solid V Neck White T-Shirt,454,U.S. POLO ASSN.,35%,699,TopWear
185,Solid Men Solid Round Neck Black T-Shirt,494,LEVI'S,10%,549,TopWear
186,Men Color Block Polo Neck Multicolor T-Shirt,719,U.S. POLO ASSN.,60%,"1,799",TopWear
187,Men Slim Fit Solid Casual Shirt,"1,619",PETER ENGLAND,10%,"1,799",TopWear
188,Men Solid Polo Neck Yellow T-Shirt,679,U.S. POLO ASSN.,60%,"1,699",TopWear
189,Men Striped Polo Neck Black T-Shirt,"1,199",ADIDAS,25%,"1,599",TopWear
190,Men Typography Round Neck Black T-Shirt,839,ADIDAS,40%,"1,399",TopWear
191,Men Super Slim Fit Solid Casual Shirt,"1,049",PETER ENGLAND,41%,"1,799",TopWear
192,Men Striped Polo Neck Multicolor T-Shirt,759,U.S. POLO ASSN.,60%,"1,899",TopWear
193,Men Slim Fit Solid Hood Collar Casual Shirt,759,HIGHLANDER,51%,"1,549",TopWear
194,Men Graphic Print Round Neck Yellow T-Shirt,844,Allen Solly,35%,"1,299",TopWear
195,Men Regular Fit Checkered Spread Collar Formal Shirt,"1,049",PETER ENGLAND,34%,"1,599",TopWear
196,Men Color Block Polo Neck Multicolor T-Shirt,681,Allen Solly,35%,"1,049",TopWear
197,Men Solid Polo Neck Red T-Shirt,899,U.S. POLO ASSN.,50%,"1,799",TopWear
198,Men Solid Polo Neck Grey T-Shirt,649,Allen Solly,27%,899,TopWear
199,Men Slim Fit Checkered Formal Shirt,"1,039",PETER ENGLAND,35%,"1,599",TopWear
200,Men Solid Polo Neck Black T-Shirt,699,Allen Solly,30%,999,TopWear
201,Men Solid Polo Neck White T-Shirt,699,Allen Solly,30%,999,TopWear
202,Men Printed Polo Neck Multicolor T-Shirt,719,U.S. POLO ASSN.,60%,"1,799",TopWear
203,Men Regular Fit Striped Spread Collar Casual Shirt,"1,349",PETER ENGLAND,25%,"1,799",TopWear
204,Men Solid Polo Neck Light Blue T-Shirt,699,Allen Solly,30%,999,TopWear
205,Men Typography Round Neck White T-Shirt,839,ADIDAS,40%,"1,399",TopWear
206,Men Printed Polo Neck Blue T-Shirt,379,Wrangler,80%,"1,895",TopWear
207,Men Slim Fit Self Design Spread Collar Casual Shirt,"1,279",PETER ENGLAND,20%,"1,599",TopWear
208,Men Striped Polo Neck White T-Shirt,679,U.S. POLO ASSN.,60%,"1,699",TopWear
209,Men Color Block Polo Neck Grey T-Shirt,719,U.S. POLO ASSN.,60%,"1,799",TopWear
210,Men Slim Fit Striped Spread Collar Casual Shirt,"1,049",PETER ENGLAND,34%,"1,599",TopWear
211,Men Slim Fit Solid Casual Shirt,"1,299",PETER ENGLAND,35%,"1,999",TopWear
212,Men Embroidered Polo Neck Navy Blue T-Shirt,679,U.S. POLO ASSN.,60%,"1,699",TopWear
213,Men Striped Polo Neck Multicolor T-Shirt,679,U.S. POLO ASSN.,60%,"1,699",TopWear
214,Men Striped Polo Neck Beige T-Shirt,759,U.S. POLO ASSN.,60%,"1,899",TopWear
215,Men Embroidered Polo Neck Green T-Shirt,849,U.S. POLO ASSN.,50%,"1,699",TopWear
216,Men Slim Fit Solid Casual Shirt,"1,199",PETER ENGLAND,40%,"1,999",TopWear
217,Men Regular Fit Checkered Spread Collar Casual Shirt,"1,259",PETER ENGLAND,30%,"1,799",TopWear
218,Men Slim Fit Solid Cut Away Collar Casual Shirt,493,HIGHLANDER,62%,"1,299",TopWear
219,Men Solid Polo Neck Multicolor T-Shirt,719,U.S. POLO ASSN.,60%,"1,799",TopWear
220,Men Super Slim Fit Solid Casual Shirt,"1,049",PETER ENGLAND,41%,"1,799",TopWear
221,Men Slim Fit Self Design Casual Shirt,"1,169",PETER ENGLAND,35%,"1,799",TopWear
222,Men Color Block Polo Neck Yellow T-Shirt,719,U.S. POLO ASSN.,60%,"1,799",TopWear
223,Men Color Block Polo Neck Grey T-Shirt,719,U.S. POLO ASSN.,60%,"1,799",TopWear
224,Men Printed Round Neck Dark Blue T-Shirt,499,U.S. POLO ASSN.,50%,999,TopWear
225,Men Typography Round Neck White T-Shirt,909,ADIDAS,35%,"1,399",TopWear
226,Men Slim Fit Solid Casual Shirt,"1,619",PETER ENGLAND,10%,"1,799",TopWear
227,Men Slim Fit Printed Spread Collar Formal Shirt,"1,259",PETER ENGLAND,30%,"1,799",TopWear
228,Men Solid V Neck White T-Shirt,454,U.S. POLO ASSN.,35%,699,TopWear
229,Solid Men Solid Round Neck Black T-Shirt,494,LEVI'S,10%,549,TopWear
230,Men Slim Fit Striped Spread Collar Formal Shirt,"1,349",PETER ENGLAND,25%,"1,799",TopWear
231,Men Slim Fit Checkered Spread Collar Formal Shirt,909,PETER ENGLAND,35%,"1,399",TopWear
232,Men Color Block Polo Neck Multicolor T-Shirt,719,U.S. POLO ASSN.,60%,"1,799",TopWear
233,Men Solid Polo Neck Yellow T-Shirt,679,U.S. POLO ASSN.,60%,"1,699",TopWear
234,Men Striped Polo Neck Black T-Shirt,"1,199",ADIDAS,25%,"1,599",TopWear
235,Men Typography Round Neck Black T-Shirt,839,ADIDAS,40%,"1,399",TopWear
236,Men Slim Fit Checkered Formal Shirt,"1,039",PETER ENGLAND,35%,"1,599",TopWear
237,Men Regular Fit Solid Spread Collar Formal Shirt,"1,049",PETER ENGLAND,34%,"1,599",TopWear
238,Men Striped Polo Neck Multicolor T-Shirt,759,U.S. POLO ASSN.,60%,"1,899",TopWear
239,Men Slim Fit Solid Hood Collar Casual Shirt,759,HIGHLANDER,51%,"1,549",TopWear
240,Men Solid Polo Neck Black T-Shirt,699,Allen Solly,30%,999,TopWear
241,Men Solid Polo Neck White T-Shirt,699,Allen Solly,30%,999,TopWear
242,Men Printed Polo Neck Multicolor T-Shirt,719,U.S. POLO ASSN.,60%,"1,799",TopWear
243,Men Regular Fit Striped Spread Collar Casual Shirt,"1,349",PETER ENGLAND,25%,"1,799",TopWear
244,Men Solid Polo Neck Light Blue T-Shirt,699,Allen Solly,30%,999,TopWear
245,Men Typography Round Neck White T-Shirt,839,ADIDAS,40%,"1,399",TopWear
246,Men Printed Polo Neck Blue T-Shirt,379,Wrangler,80%,"1,895",TopWear
247,Men Slim Fit Self Design Spread Collar Casual Shirt,"1,279",PETER ENGLAND,20%,"1,599",TopWear
248,Men Striped Polo Neck White T-Shirt,679,U.S. POLO ASSN.,60%,"1,699",TopWear
249,Men Color Block Polo Neck Grey T-Shirt,719,U.S. POLO ASSN.,60%,"1,799",TopWear
250,Men Slim Fit Striped Spread Collar Casual Shirt,"1,049",PETER ENGLAND,34%,"1,599",TopWear
251,Men Slim Fit Solid Casual Shirt,"1,299",PETER ENGLAND,35%,"1,999",TopWear
252,Men Embroidered Polo Neck Navy Blue T-Shirt,679,U.S. POLO ASSN.,60%,"1,699",TopWear
253,Men Striped Polo Neck Multicolor T-Shirt,679,U.S. POLO ASSN.,60%,"1,699",TopWear
254,Men Striped Polo Neck Beige T-Shirt,759,U.S. POLO ASSN.,60%,"1,899",TopWear
255,Men Embroidered Polo Neck Green T-Shirt,849,U.S. POLO ASSN.,50%,"1,699",TopWear
256,Men Slim Fit Solid Casual Shirt,"1,199",PETER ENGLAND,40%,"1,999",TopWear
257,Men Regular Fit Checkered Spread Collar Casual Shirt,"1,259",PETER ENGLAND,30%,"1,799",TopWear
258,Men Slim Fit Solid Cut Away Collar Casual Shirt,493,HIGHLANDER,62%,"1,299",TopWear
259,Men Solid Polo Neck Multicolor T-Shirt,719,U.S. POLO ASSN.,60%,"1,799",TopWear
260,Men Super Slim Fit Solid Casual Shirt,"1,049",PETER ENGLAND,41%,"1,799",TopWear
261,Men Slim Fit Self Design Casual Shirt,"1,169",PETER ENGLAND,35%,"1,799",TopWear
262,Men Color Block Polo Neck Yellow T-Shirt,719,U.S. POLO ASSN.,60%,"1,799",TopWear
263,Men Color Block Polo Neck Grey T-Shirt,719,U.S. POLO ASSN.,60%,"1,799",TopWear
264,Men Printed Round Neck Dark Blue T-Shirt,499,U.S. POLO ASSN.,50%,999,TopWear
265,Men Typography Round Neck White T-Shirt,909,ADIDAS,35%,"1,399",TopWear
266,Men Slim Fit Solid Casual Shirt,"1,619",PETER ENGLAND,10%,"1,799",TopWear
267,Men Slim Fit Striped Spread Collar Formal Shirt,"1,349",PETER ENGLAND,25%,"1,799",TopWear
268,Men Solid V Neck White T-Shirt,454,U.S. POLO ASSN.,35%,699,TopWear
269,Solid Men Solid Round Neck Black T-Shirt,494,LEVI'S,10%,549,TopWear
270,Men Slim Fit Checkered Formal Shirt,"1,039",PETER ENGLAND,35%,"1,599",TopWear
271,Men Slim Fit Printed Spread Collar Formal Shirt,"1,259",PETER ENGLAND,30%,"1,799",TopWear
272,Men Color Block Polo Neck Multicolor T-Shirt,719,U.S. POLO ASSN.,60%,"1,799",TopWear
273,Men Solid Polo Neck Yellow T-Shirt,679,U.S. POLO ASSN.,60%,"1,699",TopWear
274,Men Striped Polo Neck Black T-Shirt,"1,199",ADIDAS,25%,"1,599",TopWear
275,Men Typography Round Neck Black T-Shirt,839,ADIDAS,40%,"1,399",TopWear
276,Men Slim Fit Checkered Spread Collar Formal Shirt,909,PETER ENGLAND,35%,"1,399",TopWear
277,Men Regular Fit Solid Spread Collar Formal Shirt,"1,049",PETER ENGLAND,34%,"1,599",TopWear
278,Men Striped Polo Neck Multicolor T-Shirt,759,U.S. POLO ASSN.,60%,"1,899",TopWear
279,Men Slim Fit Solid Hood Collar Casual Shirt,759,HIGHLANDER,51%,"1,549",TopWear
280,Men Solid Polo Neck Black T-Shirt,699,Allen Solly,30%,999,TopWear
281,Men Solid Polo Neck White T-Shirt,699,Allen Solly,30%,999,TopWear
282,Men Printed Polo Neck Multicolor T-Shirt,719,U.S. POLO ASSN.,60%,"1,799",TopWear
283,Men Slim Fit Self Design Spread Collar Casual Shirt,"1,279",PETER ENGLAND,20%,"1,599",TopWear
284,Men Solid Polo Neck Light Blue T-Shirt,699,Allen Solly,30%,999,TopWear
285,Men Typography Round Neck White T-Shirt,839,ADIDAS,40%,"1,399",TopWear
286,Men Printed Polo Neck Blue T-Shirt,379,Wrangler,80%,"1,895",TopWear
287,Men Slim Fit Solid Casual Shirt,"1,299",PETER ENGLAND,35%,"1,999",TopWear
288,Men Striped Polo Neck White T-Shirt,679,U.S. POLO ASSN.,60%,"1,699",TopWear
289,Men Color Block Polo Neck Grey T-Shirt,719,U.S. POLO ASSN.,60%,"1,799",TopWear
290,Men Embroidered Polo Neck Navy Blue T-Shirt,679,U.S. POLO ASSN.,60%,"1,699",TopWear
291,Men Regular Fit Striped Spread Collar Casual Shirt,"1,349",PETER ENGLAND,25%,"1,799",TopWear
292,Men Striped Polo Neck Multicolor T-Shirt,679,U.S. POLO ASSN.,60%,"1,699",TopWear
293,Men Striped Polo Neck Beige T-Shirt,759,U.S. POLO ASSN.,60%,"1,899",TopWear
294,Men Embroidered Polo Neck Green T-Shirt,849,U.S. POLO ASSN.,50%,"1,699",TopWear
295,Men Slim Fit Striped Spread Collar Casual Shirt,"1,049",PETER ENGLAND,34%,"1,599",TopWear
296,Men Slim Fit Solid Cut Away Collar Casual Shirt,493,HIGHLANDER,62%,"1,299",TopWear
297,Men Solid Polo Neck Multicolor T-Shirt,719,U.S. POLO ASSN.,60%,"1,799",TopWear
298,Men Color Block Polo Neck Yellow T-Shirt,719,U.S. POLO ASSN.,60%,"1,799",TopWear
299,Men Slim Fit Solid Casual Shirt,"1,199",PETER ENGLAND,40%,"1,999",TopWear
300,Men Color Block Polo Neck Grey T-Shirt,719,U.S. POLO ASSN.,60%,"1,799",TopWear
301,Men Printed Round Neck Dark Blue T-Shirt,499,U.S. POLO ASSN.,50%,999,TopWear
302,Men Typography Round Neck White T-Shirt,909,ADIDAS,35%,"1,399",TopWear
303,Men Regular Fit Checkered Spread Collar Casual Shirt,"1,259",PETER ENGLAND,30%,"1,799",TopWear
304,Men Solid V Neck White T-Shirt,454,U.S. POLO ASSN.,35%,699,TopWear
305,Solid Men Solid Round Neck Black T-Shirt,494,LEVI'S,10%,549,TopWear
306,Men Color Block Polo Neck Multicolor T-Shirt,719,U.S. POLO ASSN.,60%,"1,799",TopWear
307,Men Slim Fit Solid Casual Shirt,"1,619",PETER ENGLAND,10%,"1,799",TopWear
308,Men Solid Polo Neck Yellow T-Shirt,679,U.S. POLO ASSN.,60%,"1,699",TopWear
309,Men Striped Polo Neck Black T-Shirt,"1,199",ADIDAS,25%,"1,599",TopWear
310,Men Typography Round Neck Black T-Shirt,839,ADIDAS,40%,"1,399",TopWear
311,Men Super Slim Fit Solid Casual Shirt,"1,049",PETER ENGLAND,41%,"1,799",TopWear
312,Men Striped Polo Neck Multicolor T-Shirt,759,U.S. POLO ASSN.,60%,"1,899",TopWear
313,Men Slim Fit Solid Hood Collar Casual Shirt,759,HIGHLANDER,51%,"1,549",TopWear
314,Men Graphic Print Round Neck Yellow T-Shirt,844,Allen Solly,35%,"1,299",TopWear
315,Men Regular Fit Checkered Spread Collar Formal Shirt,"1,049",PETER ENGLAND,34%,"1,599",TopWear
316,Men Color Block Polo Neck Multicolor T-Shirt,681,Allen Solly,35%,"1,049",TopWear
317,Men Solid Polo Neck Red T-Shirt,899,U.S. POLO ASSN.,50%,"1,799",TopWear
318,Men Solid Polo Neck Grey T-Shirt,649,Allen Solly,27%,899,TopWear
319,Men Slim Fit Checkered Formal Shirt,"1,039",PETER ENGLAND,35%,"1,599",TopWear
320,Men Solid Polo Neck Black T-Shirt,699,Allen Solly,30%,999,TopWear
321,Men Solid Polo Neck White T-Shirt,699,Allen Solly,30%,999,TopWear
322,Men Printed Polo Neck Multicolor T-Shirt,719,U.S. POLO ASSN.,60%,"1,799",TopWear
323,Men Slim Fit Self Design Spread Collar Casual Shirt,"1,279",PETER ENGLAND,20%,"1,599",TopWear
324,Men Solid Polo Neck Light Blue T-Shirt,699,Allen Solly,30%,999,TopWear
325,Men Typography Round Neck White T-Shirt,839,ADIDAS,40%,"1,399",TopWear
326,Men Printed Polo Neck Blue T-Shirt,379,Wrangler,80%,"1,895",TopWear
327,Men Slim Fit Solid Casual Shirt,"1,299",PETER ENGLAND,35%,"1,999",TopWear
328,Men Striped Polo Neck White T-Shirt,679,U.S. POLO ASSN.,60%,"1,699",TopWear
329,Men Color Block Polo Neck Grey T-Shirt,719,U.S. POLO ASSN.,60%,"1,799",TopWear
330,Men Embroidered Polo Neck Navy Blue T-Shirt,679,U.S. POLO ASSN.,60%,"1,699",TopWear
331,Men Regular Fit Striped Spread Collar Casual Shirt,"1,349",PETER ENGLAND,25%,"1,799",TopWear
332,Men Striped Polo Neck Multicolor T-Shirt,679,U.S. POLO ASSN.,60%,"1,699",TopWear
333,Men Striped Polo Neck Beige T-Shirt,759,U.S. POLO ASSN.,60%,"1,899",TopWear
334,Men Embroidered Polo Neck Green T-Shirt,849,U.S. POLO ASSN.,50%,"1,699",TopWear
335,Men Slim Fit Striped Spread Collar Casual Shirt,"1,049",PETER ENGLAND,34%,"1,599",TopWear
336,Men Slim Fit Solid Cut Away Collar Casual Shirt,493,HIGHLANDER,62%,"1,299",TopWear
337,Men Solid Polo Neck Multicolor T-Shirt,719,U.S. POLO ASSN.,60%,"1,799",TopWear
338,Men Color Block Polo Neck Yellow T-Shirt,719,U.S. POLO ASSN.,60%,"1,799",TopWear
339,Men Slim Fit Solid Casual Shirt,"1,199",PETER ENGLAND,40%,"1,999",TopWear
340,Men Color Block Polo Neck Grey T-Shirt,719,U.S. POLO ASSN.,60%,"1,799",TopWear
341,Men Printed Round Neck Dark Blue T-Shirt,499,U.S. POLO ASSN.,50%,999,TopWear
342,Men Typography Round Neck White T-Shirt,909,ADIDAS,35%,"1,399",TopWear
343,Men Regular Fit Checkered Spread Collar Casual Shirt,"1,259",PETER ENGLAND,30%,"1,799",TopWear
344,Men Solid V Neck White T-Shirt,454,U.S. POLO ASSN.,35%,699,TopWear
345,Solid Men Solid Round Neck Black T-Shirt,494,LEVI'S,10%,549,TopWear
346,Men Color Block Polo Neck Multicolor T-Shirt,719,U.S. POLO ASSN.,60%,"1,799",TopWear
347,Men Slim Fit Solid Casual Shirt,"1,619",PETER ENGLAND,10%,"1,799",TopWear
348,Men Solid Polo Neck Yellow T-Shirt,679,U.S. POLO ASSN.,60%,"1,699",TopWear
349,Men Striped Polo Neck Black T-Shirt,"1,199",ADIDAS,25%,"1,599",TopWear
350,Men Typography Round Neck Black T-Shirt,839,ADIDAS,40%,"1,399",TopWear
351,Men Super Slim Fit Solid Casual Shirt,"1,049",PETER ENGLAND,41%,"1,799",TopWear
352,Men Striped Polo Neck Multicolor T-Shirt,759,U.S. POLO ASSN.,60%,"1,899",TopWear
353,Men Slim Fit Solid Hood Collar Casual Shirt,759,HIGHLANDER,51%,"1,549",TopWear
354,Men Graphic Print Round Neck Yellow T-Shirt,844,Allen Solly,35%,"1,299",TopWear
355,Men Regular Fit Checkered Spread Collar Formal Shirt,"1,049",PETER ENGLAND,34%,"1,599",TopWear
356,Men Color Block Polo Neck Multicolor T-Shirt,681,Allen Solly,35%,"1,049",TopWear
357,Men Solid Polo Neck Red T-Shirt,899,U.S. POLO ASSN.,50%,"1,799",TopWear
358,Men Solid Polo Neck Grey T-Shirt,649,Allen Solly,27%,899,TopWear
359,Men Slim Fit Checkered Formal Shirt,"1,039",PETER ENGLAND,35%,"1,599",TopWear
360,Men Regular Mid Rise Black Jeans,597,HIGHLANDER,54%,"1,299",Bottomwear
361,Men Slim Low Rise Dark Grey Jeans,623,HIGHLANDER,57%,"1,449",Bottomwear
362,Men Slim Fit Blue Cotton Blend Trousers,783,HIGHLANDER,51%,"1,599",Bottomwear
363,Men Slim Fit Khaki Cotton Blend Trousers,"1,299",PETER ENGLAND,35%,"1,999",Bottomwear
364,Men Slim Mid Rise Black Jeans,832,HIGHLANDER,55%,"1,849",Bottomwear
365,Men Slim Low Rise Blue Jeans,695,HIGHLANDER,52%,"1,449",Bottomwear
366,Men Slim Low Rise Grey Jeans,775,HIGHLANDER,53%,"1,649",Bottomwear
367,Men Slim Fit Grey Cotton Blend Trousers,"1,499",PETER ENGLAND,25%,"1,999",Bottomwear
368,Men Skinny Low Rise Blue Jeans,"1,259",Wrangler,55%,"2,799",Bottomwear
369,Men Tapered Fit Mid Rise Grey Jeans,971,HIGHLANDER,46%,"1,799",Bottomwear
370,Men Skinny Fit Green Cotton Blend Trousers,"1,199",PETER ENGLAND,25%,"1,599",Bottomwear
371,Men Skinny Fit Grey Cotton Blend Trousers,"1,499",PETER ENGLAND,25%,"1,999",Bottomwear
372,Men Tapered Fit Mid Rise Grey Jeans,615,HIGHLANDER,56%,"1,399",Bottomwear
373,Men Tapered Fit Mid Rise Black Jeans,615,HIGHLANDER,56%,"1,399",Bottomwear
374,Men Slim Mid Rise Blue Jeans,597,HIGHLANDER,54%,"1,299",Bottomwear
375,Men Slim Mid Rise Dark Grey Jeans,666,HIGHLANDER,54%,"1,449",Bottomwear
376,Men Slim Fit Black Cotton Blend Trousers,"1,494",PETER ENGLAND,35%,"2,299",Bottomwear
377,Men Slim Fit Light Green Cotton Blend Trousers,"1,499",PETER ENGLAND,40%,"2,499",Bottomwear
378,Men Slim Mid Rise Black Jeans,725,HIGHLANDER,56%,"1,649",Bottomwear
379,Men Tapered Blue Cotton Blend Trousers,671,HIGHLANDER,58%,"1,599",Bottomwear
380,Men Skinny Fit Green Cotton Blend Trousers,"1,199",PETER ENGLAND,25%,"1,599",Bottomwear
381,Men Regular Fit Brown Cotton Blend Trousers,824,PETER ENGLAND,45%,"1,499",Bottomwear
382,Solid Men Green Chino Shorts,537,HIGHLANDER,57%,"1,249",Bottomwear
383,Men Slim Fit Multicolor Pure Cotton Trousers,"1,049",U.S. POLO ASSN.,58%,"2,499",Bottomwear
384,Men Slim Fit Green Cotton Blend Trousers,759,HIGHLANDER,51%,"1,549",Bottomwear
385,Men Slim Fit Grey Cotton Blend Trousers,764,HIGHLANDER,55%,"1,699",Bottomwear
386,Men Skinny Fit Dark Green Cotton Blend Trousers,"1,494",PETER ENGLAND,35%,"2,299",Bottomwear
387,Men Skinny Fit Khaki Cotton Blend Trousers,"1,299",PETER ENGLAND,35%,"1,999",Bottomwear
388,Men Tapered Fit Mid Rise Light Blue Jeans,623,HIGHLANDER,52%,"1,299",Bottomwear
389,Men Slim Mid Rise Blue Jeans,767,HIGHLANDER,52%,"1,599",Bottomwear
390,Men Skinny Fit Brown Cotton Blend Trousers,"1,199",PETER ENGLAND,25%,"1,599",Bottomwear
391,Men Skinny Fit Brown Cotton Blend Trousers,"1,049",PETER ENGLAND,47%,"1,999",Bottomwear
392,Men Colorblock White Track Pants,569,HIGHLANDER,40%,949,Bottomwear
393,Men Regular High Rise Dark Blue Jeans,"1,511",Wrangler,46%,"2,799",Bottomwear
394,Men Solid Blue Track Pants,493,HIGHLANDER,48%,949,Bottomwear
395,Men Solid Blue Track Pants,"1,507",ADIDAS,24%,"1,999",Bottomwear
396,Men Slim Fit Cream Cotton Blend Trousers,"1,049",PETER ENGLAND,47%,"1,999",Bottomwear
397,Men Regular Fit Green Cotton Blend Trousers,999,PETER ENGLAND,50%,"1,999",Bottomwear
398,Men Slim Fit Blue Cotton Blend Trousers,783,HIGHLANDER,51%,"1,599",Bottomwear
399,Men Regular Mid Rise Grey Jeans,597,HIGHLANDER,54%,"1,299",Bottomwear
400,Men Regular Mid Rise Black Jeans,597,HIGHLANDER,54%,"1,299",Bottomwear
401,Men Tapered Fit Mid Rise Black Jeans,666,HIGHLANDER,54%,"1,449",Bottomwear
402,Men Slim Low Rise Dark Grey Jeans,623,HIGHLANDER,57%,"1,449",Bottomwear
403,Men Slim Fit Khaki Cotton Blend Trousers,"1,299",PETER ENGLAND,35%,"1,999",Bottomwear
404,Men Slim Mid Rise Black Jeans,832,HIGHLANDER,55%,"1,849",Bottomwear
405,Men Slim Low Rise Grey Jeans,775,HIGHLANDER,53%,"1,649",Bottomwear
406,Men Slim Mid Rise Dark Grey Jeans,666,HIGHLANDER,54%,"1,449",Bottomwear
407,Men Slim Fit Grey Cotton Blend Trousers,"1,499",PETER ENGLAND,25%,"1,999",Bottomwear
408,Men Skinny Low Rise Blue Jeans,"1,259",Wrangler,55%,"2,799",Bottomwear
409,Men Regular Mid Rise Black Jeans,597,HIGHLANDER,54%,"1,299",Bottomwear
410,Men Skinny Fit Green Cotton Blend Trousers,"1,199",PETER ENGLAND,25%,"1,599",Bottomwear
411,Men Skinny Fit Grey Cotton Blend Trousers,"1,499",PETER ENGLAND,25%,"1,999",Bottomwear
412,Men Tapered Fit Mid Rise Grey Jeans,971,HIGHLANDER,46%,"1,799",Bottomwear
413,Men Tapered Fit Mid Rise Grey Jeans,615,HIGHLANDER,56%,"1,399",Bottomwear
414,Men Slim Mid Rise Dark Grey Jeans,666,HIGHLANDER,54%,"1,449",Bottomwear
415,Men Tapered Blue Cotton Blend Trousers,671,HIGHLANDER,58%,"1,599",Bottomwear
416,Men Slim Fit Black Cotton Blend Trousers,"1,494",PETER ENGLAND,35%,"2,299",Bottomwear
417,Men Slim Fit Light Green Cotton Blend Trousers,"1,499",PETER ENGLAND,40%,"2,499",Bottomwear
418,Men Slim Mid Rise Black Jeans,725,HIGHLANDER,56%,"1,649",Bottomwear
419,Men Slim Mid Rise Blue Jeans,597,HIGHLANDER,54%,"1,299",Bottomwear
420,Men Skinny Fit Green Cotton Blend Trousers,"1,199",PETER ENGLAND,25%,"1,599",Bottomwear
421,Men Regular Fit Brown Cotton Blend Trousers,824,PETER ENGLAND,45%,"1,499",Bottomwear
422,Men Regular High Rise Dark Blue Jeans,"1,511",Wrangler,46%,"2,799",Bottomwear
423,Men Slim Fit Multicolor Pure Cotton Trousers,"1,049",U.S. POLO ASSN.,58%,"2,499",Bottomwear
424,Solid Men Green Chino Shorts,537,HIGHLANDER,57%,"1,249",Bottomwear
425,Men Slim Fit Green Cotton Blend Trousers,759,HIGHLANDER,51%,"1,549",Bottomwear
426,Men Skinny Fit Dark Green Cotton Blend Trousers,"1,494",PETER ENGLAND,35%,"2,299",Bottomwear
427,Men Skinny Fit Khaki Cotton Blend Trousers,"1,299",PETER ENGLAND,35%,"1,999",Bottomwear
428,Men Tapered Fit Mid Rise Black Jeans,615,HIGHLANDER,56%,"1,399",Bottomwear
429,Men Solid Grey Track Pants,548,HIGHLANDER,39%,899,Bottomwear
430,Men Skinny Fit Brown Cotton Blend Trousers,"1,199",PETER ENGLAND,25%,"1,599",Bottomwear
431,Men Skinny Fit Brown Cotton Blend Trousers,"1,049",PETER ENGLAND,47%,"1,999",Bottomwear
432,Men Solid Blue Track Pants,493,HIGHLANDER,48%,949,Bottomwear
433,Men Colorblock White Track Pants,569,HIGHLANDER,40%,949,Bottomwear
434,Men Tapered Fit Mid Rise Light Blue Jeans,671,HIGHLANDER,52%,"1,399",Bottomwear
435,Men Slim Fit Blue Cotton Blend Trousers,783,HIGHLANDER,51%,"1,599",Bottomwear
436,Men Slim Fit Cream Cotton Blend Trousers,"1,049",PETER ENGLAND,47%,"1,999",Bottomwear
437,Men Regular Fit Green Cotton Blend Trousers,999,PETER ENGLAND,50%,"1,999",Bottomwear
438,Men Regular Mid Rise Blue Jeans,597,HIGHLANDER,54%,"1,299",Bottomwear
439,Men Regular Mid Rise Grey Jeans,597,HIGHLANDER,54%,"1,299",Bottomwear
440,Men Regular Mid Rise Black Jeans,597,HIGHLANDER,54%,"1,299",Bottomwear
441,Men Tapered Fit Mid Rise Black Jeans,666,HIGHLANDER,54%,"1,449",Bottomwear
442,Men Slim Low Rise Dark Grey Jeans,623,HIGHLANDER,57%,"1,449",Bottomwear
443,Men Slim Fit Khaki Cotton Blend Trousers,"1,299",PETER ENGLAND,35%,"1,999",Bottomwear
444,Men Slim Mid Rise Black Jeans,832,HIGHLANDER,55%,"1,849",Bottomwear
445,Men Slim Low Rise Grey Jeans,775,HIGHLANDER,53%,"1,649",Bottomwear
446,Men Slim Mid Rise Dark Grey Jeans,666,HIGHLANDER,54%,"1,449",Bottomwear
447,Men Slim Fit Grey Cotton Blend Trousers,"1,499",PETER ENGLAND,25%,"1,999",Bottomwear
448,Men Skinny Low Rise Blue Jeans,"1,259",Wrangler,55%,"2,799",Bottomwear
449,Men Regular Mid Rise Black Jeans,597,HIGHLANDER,54%,"1,299",Bottomwear
450,Men Skinny Fit Green Cotton Blend Trousers,"1,199",PETER ENGLAND,25%,"1,599",Bottomwear
451,Men Skinny Fit Grey Cotton Blend Trousers,"1,499",PETER ENGLAND,25%,"1,999",Bottomwear
452,Men Tapered Fit Mid Rise Grey Jeans,971,HIGHLANDER,46%,"1,799",Bottomwear
453,Men Tapered Fit Mid Rise Grey Jeans,615,HIGHLANDER,56%,"1,399",Bottomwear
454,Men Slim Mid Rise Dark Grey Jeans,666,HIGHLANDER,54%,"1,449",Bottomwear
455,Men Tapered Blue Cotton Blend Trousers,671,HIGHLANDER,58%,"1,599",Bottomwear
456,Men Slim Fit Black Cotton Blend Trousers,"1,494",PETER ENGLAND,35%,"2,299",Bottomwear
457,Men Slim Fit Light Green Cotton Blend Trousers,"1,499",PETER ENGLAND,40%,"2,499",Bottomwear
458,Men Slim Mid Rise Black Jeans,725,HIGHLANDER,56%,"1,649",Bottomwear
459,Men Slim Mid Rise Blue Jeans,597,HIGHLANDER,54%,"1,299",Bottomwear
460,Men Skinny Fit Green Cotton Blend Trousers,"1,199",PETER ENGLAND,25%,"1,599",Bottomwear
461,Men Regular Fit Brown Cotton Blend Trousers,824,PETER ENGLAND,45%,"1,499",Bottomwear
462,Men Regular High Rise Dark Blue Jeans,"1,511",Wrangler,46%,"2,799",Bottomwear
463,Men Slim Fit Multicolor Pure Cotton Trousers,"1,049",U.S. POLO ASSN.,58%,"2,499",Bottomwear
464,Solid Men Green Chino Shorts,537,HIGHLANDER,57%,"1,249",Bottomwear
465,Men Slim Fit Green Cotton Blend Trousers,759,HIGHLANDER,51%,"1,549",Bottomwear
466,Men Skinny Fit Dark Green Cotton Blend Trousers,"1,494",PETER ENGLAND,35%,"2,299",Bottomwear
467,Men Skinny Fit Khaki Cotton Blend Trousers,"1,299",PETER ENGLAND,35%,"1,999",Bottomwear
468,Men Tapered Fit Mid Rise Black Jeans,615,HIGHLANDER,56%,"1,399",Bottomwear
469,Men Solid Grey Track Pants,548,HIGHLANDER,39%,899,Bottomwear
470,Men Skinny Fit Brown Cotton Blend Trousers,"1,199",PETER ENGLAND,25%,"1,599",Bottomwear
471,Men Skinny Fit Brown Cotton Blend Trousers,"1,049",PETER ENGLAND,47%,"1,999",Bottomwear
472,Men Solid Blue Track Pants,493,HIGHLANDER,48%,949,Bottomwear
473,Men Colorblock White Track Pants,569,HIGHLANDER,40%,949,Bottomwear
474,Men Tapered Fit Mid Rise Light Blue Jeans,671,HIGHLANDER,52%,"1,399",Bottomwear
475,Men Slim Fit Blue Cotton Blend Trousers,783,HIGHLANDER,51%,"1,599",Bottomwear
476,Men Slim Fit Cream Cotton Blend Trousers,"1,049",PETER ENGLAND,47%,"1,999",Bottomwear
477,Men Regular Fit Green Cotton Blend Trousers,999,PETER ENGLAND,50%,"1,999",Bottomwear
478,Men Regular Mid Rise Blue Jeans,597,HIGHLANDER,54%,"1,299",Bottomwear
479,Men Regular Mid Rise Grey Jeans,597,HIGHLANDER,54%,"1,299",Bottomwear
480,Men Regular Mid Rise Black Jeans,597,HIGHLANDER,54%,"1,299",Bottomwear
481,Men Slim Low Rise Dark Grey Jeans,623,HIGHLANDER,57%,"1,449",Bottomwear
482,Men Slim Fit Blue Cotton Blend Trousers,783,HIGHLANDER,51%,"1,599",Bottomwear
483,Men Slim Fit Khaki Cotton Blend Trousers,"1,299",PETER ENGLAND,35%,"1,999",Bottomwear
484,Men Slim Mid Rise Black Jeans,832,HIGHLANDER,55%,"1,849",Bottomwear
485,Men Slim Low Rise Blue Jeans,695,HIGHLANDER,52%,"1,449",Bottomwear
486,Men Slim Low Rise Grey Jeans,775,HIGHLANDER,53%,"1,649",Bottomwear
487,Men Slim Fit Grey Cotton Blend Trousers,"1,499",PETER ENGLAND,25%,"1,999",Bottomwear
488,Men Skinny Low Rise Blue Jeans,"1,259",Wrangler,55%,"2,799",Bottomwear
489,Men Tapered Fit Mid Rise Grey Jeans,971,HIGHLANDER,46%,"1,799",Bottomwear
490,Men Skinny Fit Green Cotton Blend Trousers,"1,199",PETER ENGLAND,25%,"1,599",Bottomwear
491,Men Skinny Fit Grey Cotton Blend Trousers,"1,499",PETER ENGLAND,25%,"1,999",Bottomwear
492,Men Tapered Fit Mid Rise Grey Jeans,615,HIGHLANDER,56%,"1,399",Bottomwear
493,Men Tapered Fit Mid Rise Black Jeans,615,HIGHLANDER,56%,"1,399",Bottomwear
494,Men Slim Mid Rise Blue Jeans,597,HIGHLANDER,54%,"1,299",Bottomwear
495,Men Slim Mid Rise Dark Grey Jeans,666,HIGHLANDER,54%,"1,449",Bottomwear
496,Men Slim Fit Black Cotton Blend Trousers,"1,494",PETER ENGLAND,35%,"2,299",Bottomwear
497,Men Slim Fit Light Green Cotton Blend Trousers,"1,499",PETER ENGLAND,40%,"2,499",Bottomwear
498,Men Slim Mid Rise Black Jeans,725,HIGHLANDER,56%,"1,649",Bottomwear
499,Men Tapered Blue Cotton Blend Trousers,671,HIGHLANDER,58%,"1,599",Bottomwear
500,Men Skinny Fit Green Cotton Blend Trousers,"1,199",PETER ENGLAND,25%,"1,599",Bottomwear
501,Men Regular Fit Brown Cotton Blend Trousers,824,PETER ENGLAND,45%,"1,499",Bottomwear
502,Solid Men Green Chino Shorts,537,HIGHLANDER,57%,"1,249",Bottomwear
503,Men Slim Fit Multicolor Pure Cotton Trousers,"1,049",U.S. POLO ASSN.,58%,"2,499",Bottomwear
504,Men Slim Fit Green Cotton Blend Trousers,759,HIGHLANDER,51%,"1,549",Bottomwear
505,Men Slim Fit Grey Cotton Blend Trousers,764,HIGHLANDER,55%,"1,699",Bottomwear
506,Men Skinny Fit Dark Green Cotton Blend Trousers,"1,494",PETER ENGLAND,35%,"2,299",Bottomwear
507,Men Skinny Fit Khaki Cotton Blend Trousers,"1,299",PETER ENGLAND,35%,"1,999",Bottomwear
508,Men Tapered Fit Mid Rise Light Blue Jeans,623,HIGHLANDER,52%,"1,299",Bottomwear
509,Men Slim Mid Rise Blue Jeans,767,HIGHLANDER,52%,"1,599",Bottomwear
510,Men Skinny Fit Brown Cotton Blend Trousers,"1,199",PETER ENGLAND,25%,"1,599",Bottomwear
511,Men Skinny Fit Brown Cotton Blend Trousers,"1,049",PETER ENGLAND,47%,"1,999",Bottomwear
512,Men Colorblock White Track Pants,569,HIGHLANDER,40%,949,Bottomwear
513,Men Regular High Rise Dark Blue Jeans,"1,511",Wrangler,46%,"2,799",Bottomwear
514,Men Solid Blue Track Pants,493,HIGHLANDER,48%,949,Bottomwear
515,Men Solid Blue Track Pants,"1,507",ADIDAS,24%,"1,999",Bottomwear
516,Men Slim Fit Cream Cotton Blend Trousers,"1,049",PETER ENGLAND,47%,"1,999",Bottomwear
517,Men Regular Fit Green Cotton Blend Trousers,999,PETER ENGLAND,50%,"1,999",Bottomwear
518,Men Slim Fit Blue Cotton Blend Trousers,783,HIGHLANDER,51%,"1,599",Bottomwear
519,Men Regular Mid Rise Grey Jeans,597,HIGHLANDER,54%,"1,299",Bottomwear
520,Men Regular Mid Rise Black Jeans,597,HIGHLANDER,54%,"1,299",Bottomwear
521,Men Slim Low Rise Dark Grey Jeans,623,HIGHLANDER,57%,"1,449",Bottomwear
522,Men Slim Fit Blue Cotton Blend Trousers,783,HIGHLANDER,51%,"1,599",Bottomwear
523,Men Slim Fit Khaki Cotton Blend Trousers,"1,299",PETER ENGLAND,35%,"1,999",Bottomwear
524,Men Slim Mid Rise Black Jeans,832,HIGHLANDER,55%,"1,849",Bottomwear
525,Men Slim Low Rise Blue Jeans,695,HIGHLANDER,52%,"1,449",Bottomwear
526,Men Slim Low Rise Grey Jeans,775,HIGHLANDER,53%,"1,649",Bottomwear
527,Men Slim Fit Grey Cotton Blend Trousers,"1,499",PETER ENGLAND,25%,"1,999",Bottomwear
528,Men Skinny Low Rise Blue Jeans,"1,259",Wrangler,55%,"2,799",Bottomwear
529,Men Tapered Fit Mid Rise Grey Jeans,971,HIGHLANDER,46%,"1,799",Bottomwear
530,Men Skinny Fit Green Cotton Blend Trousers,"1,199",PETER ENGLAND,25%,"1,599",Bottomwear
531,Men Skinny Fit Grey Cotton Blend Trousers,"1,499",PETER ENGLAND,25%,"1,999",Bottomwear
532,Men Tapered Fit Mid Rise Grey Jeans,615,HIGHLANDER,56%,"1,399",Bottomwear
533,Men Tapered Fit Mid Rise Black Jeans,615,HIGHLANDER,56%,"1,399",Bottomwear
534,Men Slim Mid Rise Blue Jeans,597,HIGHLANDER,54%,"1,299",Bottomwear
535,Men Slim Mid Rise Dark Grey Jeans,666,HIGHLANDER,54%,"1,449",Bottomwear
536,Men Slim Fit Black Cotton Blend Trousers,"1,494",PETER ENGLAND,35%,"2,299",Bottomwear
537,Men Slim Fit Light Green Cotton Blend Trousers,"1,499",PETER ENGLAND,40%,"2,499",Bottomwear
538,Men Slim Mid Rise Black Jeans,725,HIGHLANDER,56%,"1,649",Bottomwear
539,Men Tapered Blue Cotton Blend Trousers,671,HIGHLANDER,58%,"1,599",Bottomwear
540,Men Skinny Fit Green Cotton Blend Trousers,"1,199",PETER ENGLAND,25%,"1,599",Bottomwear
541,Men Regular Fit Brown Cotton Blend Trousers,824,PETER ENGLAND,45%,"1,499",Bottomwear
542,Solid Men Green Chino Shorts,537,HIGHLANDER,57%,"1,249",Bottomwear
543,Men Slim Fit Multicolor Pure Cotton Trousers,"1,049",U.S. POLO ASSN.,58%,"2,499",Bottomwear
544,Men Slim Fit Green Cotton Blend Trousers,759,HIGHLANDER,51%,"1,549",Bottomwear
545,Men Slim Fit Grey Cotton Blend Trousers,764,HIGHLANDER,55%,"1,699",Bottomwear
546,Men Regular Fit Blue Pure Cotton Trousers,"1,374",PETER ENGLAND,45%,"2,499",Bottomwear
547,Men Skinny Fit Dark Green Cotton Blend Trousers,"1,494",PETER ENGLAND,35%,"2,299",Bottomwear
548,Men Tapered Fit Mid Rise Light Blue Jeans,623,HIGHLANDER,52%,"1,299",Bottomwear
549,Men Slim Mid Rise Blue Jeans,767,HIGHLANDER,52%,"1,599",Bottomwear
550,Men Skinny Fit Khaki Cotton Blend Trousers,"1,299",PETER ENGLAND,35%,"1,999",Bottomwear
551,Men Skinny Fit Brown Cotton Blend Trousers,"1,199",PETER ENGLAND,25%,"1,599",Bottomwear
552,Men Colorblock White Track Pants,569,HIGHLANDER,40%,949,Bottomwear
553,Men Regular High Rise Dark Blue Jeans,"1,511",Wrangler,46%,"2,799",Bottomwear
554,Men Solid Blue Track Pants,493,HIGHLANDER,48%,949,Bottomwear
555,Men Solid Blue Track Pants,"1,507",ADIDAS,24%,"1,999",Bottomwear
556,Men Skinny Fit Brown Cotton Blend Trousers,"1,049",PETER ENGLAND,47%,"1,999",Bottomwear
557,Men Slim Fit Cream Cotton Blend Trousers,"1,049",PETER ENGLAND,47%,"1,999",Bottomwear
558,Men Slim Fit Blue Cotton Blend Trousers,783,HIGHLANDER,51%,"1,599",Bottomwear
559,Men Regular Mid Rise Grey Jeans,597,HIGHLANDER,54%,"1,299",Bottomwear
560,Men Regular Mid Rise Black Jeans,597,HIGHLANDER,54%,"1,299",Bottomwear
561,Men Tapered Fit Mid Rise Black Jeans,666,HIGHLANDER,54%,"1,449",Bottomwear
562,Men Slim Low Rise Dark Grey Jeans,623,HIGHLANDER,57%,"1,449",Bottomwear
563,Men Slim Fit Khaki Cotton Blend Trousers,"1,299",PETER ENGLAND,35%,"1,999",Bottomwear
564,Men Slim Mid Rise Black Jeans,832,HIGHLANDER,55%,"1,849",Bottomwear
565,Men Slim Low Rise Grey Jeans,775,HIGHLANDER,53%,"1,649",Bottomwear
566,Men Slim Mid Rise Dark Grey Jeans,666,HIGHLANDER,54%,"1,449",Bottomwear
567,Men Slim Fit Grey Cotton Blend Trousers,"1,499",PETER ENGLAND,25%,"1,999",Bottomwear
568,Men Skinny Low Rise Blue Jeans,"1,259",Wrangler,55%,"2,799",Bottomwear
569,Men Regular Mid Rise Black Jeans,597,HIGHLANDER,54%,"1,299",Bottomwear
570,Men Skinny Fit Green Cotton Blend Trousers,"1,199",PETER ENGLAND,25%,"1,599",Bottomwear
571,Men Skinny Fit Grey Cotton Blend Trousers,"1,499",PETER ENGLAND,25%,"1,999",Bottomwear
572,Men Tapered Fit Mid Rise Grey Jeans,971,HIGHLANDER,46%,"1,799",Bottomwear
573,Men Tapered Fit Mid Rise Grey Jeans,615,HIGHLANDER,56%,"1,399",Bottomwear
574,Men Slim Mid Rise Dark Grey Jeans,666,HIGHLANDER,54%,"1,449",Bottomwear
575,Men Tapered Blue Cotton Blend Trousers,671,HIGHLANDER,58%,"1,599",Bottomwear
576,Men Slim Fit Black Cotton Blend Trousers,"1,494",PETER ENGLAND,35%,"2,299",Bottomwear
577,Men Slim Fit Light Green Cotton Blend Trousers,"1,499",PETER ENGLAND,40%,"2,499",Bottomwear
578,Men Slim Mid Rise Black Jeans,725,HIGHLANDER,56%,"1,649",Bottomwear
579,Men Slim Mid Rise Blue Jeans,597,HIGHLANDER,54%,"1,299",Bottomwear
580,Men Skinny Fit Green Cotton Blend Trousers,"1,199",PETER ENGLAND,25%,"1,599",Bottomwear
581,Men Regular Fit Brown Cotton Blend Trousers,824,PETER ENGLAND,45%,"1,499",Bottomwear
582,Men Regular High Rise Dark Blue Jeans,"1,511",Wrangler,46%,"2,799",Bottomwear
583,Men Slim Fit Multicolor Pure Cotton Trousers,"1,049",U.S. POLO ASSN.,58%,"2,499",Bottomwear
584,Solid Men Green Chino Shorts,537,HIGHLANDER,57%,"1,249",Bottomwear
585,Men Slim Fit Green Cotton Blend Trousers,759,HIGHLANDER,51%,"1,549",Bottomwear
586,Men Skinny Fit Dark Green Cotton Blend Trousers,"1,494",PETER ENGLAND,35%,"2,299",Bottomwear
587,Men Skinny Fit Khaki Cotton Blend Trousers,"1,299",PETER ENGLAND,35%,"1,999",Bottomwear
588,Men Tapered Fit Mid Rise Black Jeans,615,HIGHLANDER,56%,"1,399",Bottomwear
589,Men Solid Grey Track Pants,548,HIGHLANDER,39%,899,Bottomwear
590,Men Skinny Fit Brown Cotton Blend Trousers,"1,199",PETER ENGLAND,25%,"1,599",Bottomwear
591,Men Skinny Fit Brown Cotton Blend Trousers,"1,049",PETER ENGLAND,47%,"1,999",Bottomwear
592,Men Solid Blue Track Pants,493,HIGHLANDER,48%,949,Bottomwear
593,Men Colorblock White Track Pants,569,HIGHLANDER,40%,949,Bottomwear
594,Men Tapered Fit Mid Rise Light Blue Jeans,671,HIGHLANDER,52%,"1,399",Bottomwear
595,Men Slim Fit Blue Cotton Blend Trousers,783,HIGHLANDER,51%,"1,599",Bottomwear
596,Men Slim Fit Cream Cotton Blend Trousers,"1,049",PETER ENGLAND,47%,"1,999",Bottomwear
597,Men Regular Fit Green Cotton Blend Trousers,999,PETER ENGLAND,50%,"1,999",Bottomwear
598,Men Regular Mid Rise Blue Jeans,597,HIGHLANDER,54%,"1,299",Bottomwear
599,Men Regular Mid Rise Grey Jeans,597,HIGHLANDER,54%,"1,299",Bottomwear
600,Men Regular Mid Rise Black Jeans,597,HIGHLANDER,54%,"1,299",Bottomwear
601,Men Tapered Fit Mid Rise Black Jeans,666,HIGHLANDER,54%,"1,449",Bottomwear
602,Men Slim Low Rise Dark Grey Jeans,623,HIGHLANDER,57%,"1,449",Bottomwear
603,Men Slim Fit Khaki Cotton Blend Trousers,"1,299",PETER ENGLAND,35%,"1,999",Bottomwear
604,Men Slim Mid Rise Black Jeans,832,HIGHLANDER,55%,"1,849",Bottomwear
605,Men Slim Low Rise Grey Jeans,775,HIGHLANDER,53%,"1,649",Bottomwear
606,Men Slim Mid Rise Dark Grey Jeans,666,HIGHLANDER,54%,"1,449",Bottomwear
607,Men Slim Fit Grey Cotton Blend Trousers,"1,499",PETER ENGLAND,25%,"1,999",Bottomwear
608,Men Skinny Low Rise Blue Jeans,"1,259",Wrangler,55%,"2,799",Bottomwear
609,Men Regular Mid Rise Black Jeans,597,HIGHLANDER,54%,"1,299",Bottomwear
610,Men Skinny Fit Green Cotton Blend Trousers,"1,199",PETER ENGLAND,25%,"1,599",Bottomwear
611,Men Skinny Fit Grey Cotton Blend Trousers,"1,499",PETER ENGLAND,25%,"1,999",Bottomwear
612,Men Tapered Fit Mid Rise Grey Jeans,971,HIGHLANDER,46%,"1,799",Bottomwear
613,Men Tapered Fit Mid Rise Grey Jeans,615,HIGHLANDER,56%,"1,399",Bottomwear
614,Men Slim Mid Rise Dark Grey Jeans,666,HIGHLANDER,54%,"1,449",Bottomwear
615,Men Tapered Blue Cotton Blend Trousers,671,HIGHLANDER,58%,"1,599",Bottomwear
616,Men Slim Fit Black Cotton Blend Trousers,"1,494",PETER ENGLAND,35%,"2,299",Bottomwear
617,Men Slim Fit Light Green Cotton Blend Trousers,"1,499",PETER ENGLAND,40%,"2,499",Bottomwear
618,Men Slim Mid Rise Black Jeans,725,HIGHLANDER,56%,"1,649",Bottomwear
619,Men Slim Mid Rise Blue Jeans,597,HIGHLANDER,54%,"1,299",Bottomwear
620,Men Skinny Fit Green Cotton Blend Trousers,"1,199",PETER ENGLAND,25%,"1,599",Bottomwear
621,Men Regular Fit Brown Cotton Blend Trousers,824,PETER ENGLAND,45%,"1,499",Bottomwear
622,Men Regular High Rise Dark Blue Jeans,"1,511",Wrangler,46%,"2,799",Bottomwear
623,Men Slim Fit Multicolor Pure Cotton Trousers,"1,049",U.S. POLO ASSN.,58%,"2,499",Bottomwear
624,Solid Men Green Chino Shorts,537,HIGHLANDER,57%,"1,249",Bottomwear
625,Men Slim Fit Green Cotton Blend Trousers,759,HIGHLANDER,51%,"1,549",Bottomwear
626,Men Skinny Fit Dark Green Cotton Blend Trousers,"1,494",PETER ENGLAND,35%,"2,299",Bottomwear
627,Men Skinny Fit Khaki Cotton Blend Trousers,"1,299",PETER ENGLAND,35%,"1,999",Bottomwear
628,Men Tapered Fit Mid Rise Black Jeans,615,HIGHLANDER,56%,"1,399",Bottomwear
629,Men Solid Grey Track Pants,548,HIGHLANDER,39%,899,Bottomwear
630,Men Skinny Fit Brown Cotton Blend Trousers,"1,199",PETER ENGLAND,25%,"1,599",Bottomwear
631,Men Skinny Fit Brown Cotton Blend Trousers,"1,049",PETER ENGLAND,47%,"1,999",Bottomwear
632,Men Solid Blue Track Pants,493,HIGHLANDER,48%,949,Bottomwear
633,Men Colorblock White Track Pants,569,HIGHLANDER,40%,949,Bottomwear
634,Men Tapered Fit Mid Rise Light Blue Jeans,671,HIGHLANDER,52%,"1,399",Bottomwear
635,Men Slim Fit Blue Cotton Blend Trousers,783,HIGHLANDER,51%,"1,599",Bottomwear
636,Men Slim Fit Cream Cotton Blend Trousers,"1,049",PETER ENGLAND,47%,"1,999",Bottomwear
637,Men Regular Fit Green Cotton Blend Trousers,999,PETER ENGLAND,50%,"1,999",Bottomwear
638,Men Regular Mid Rise Blue Jeans,597,HIGHLANDER,54%,"1,299",Bottomwear
639,Men Regular Mid Rise Grey Jeans,597,HIGHLANDER,54%,"1,299",Bottomwear
640,Men Regular Mid Rise Black Jeans,597,HIGHLANDER,54%,"1,299",Bottomwear
641,Men Slim Low Rise Dark Grey Jeans,623,HIGHLANDER,57%,"1,449",Bottomwear
642,Men Slim Fit Blue Cotton Blend Trousers,783,HIGHLANDER,51%,"1,599",Bottomwear
643,Men Slim Fit Khaki Cotton Blend Trousers,"1,299",PETER ENGLAND,35%,"1,999",Bottomwear
644,Men Slim Mid Rise Black Jeans,832,HIGHLANDER,55%,"1,849",Bottomwear
645,Men Slim Low Rise Blue Jeans,695,HIGHLANDER,52%,"1,449",Bottomwear
646,Men Slim Low Rise Grey Jeans,775,HIGHLANDER,53%,"1,649",Bottomwear
647,Men Slim Fit Grey Cotton Blend Trousers,"1,499",PETER ENGLAND,25%,"1,999",Bottomwear
648,Men Skinny Low Rise Blue Jeans,"1,259",Wrangler,55%,"2,799",Bottomwear
649,Men Tapered Fit Mid Rise Grey Jeans,971,HIGHLANDER,46%,"1,799",Bottomwear
650,Men Skinny Fit Green Cotton Blend Trousers,"1,199",PETER ENGLAND,25%,"1,599",Bottomwear
651,Men Skinny Fit Grey Cotton Blend Trousers,"1,499",PETER ENGLAND,25%,"1,999",Bottomwear
652,Men Tapered Fit Mid Rise Grey Jeans,615,HIGHLANDER,56%,"1,399",Bottomwear
653,Men Tapered Fit Mid Rise Black Jeans,615,HIGHLANDER,56%,"1,399",Bottomwear
654,Men Slim Mid Rise Blue Jeans,597,HIGHLANDER,54%,"1,299",Bottomwear
655,Men Slim Mid Rise Dark Grey Jeans,666,HIGHLANDER,54%,"1,449",Bottomwear
656,Men Slim Fit Black Cotton Blend Trousers,"1,494",PETER ENGLAND,35%,"2,299",Bottomwear
657,Men Slim Fit Light Green Cotton Blend Trousers,"1,499",PETER ENGLAND,40%,"2,499",Bottomwear
658,Men Slim Mid Rise Black Jeans,725,HIGHLANDER,56%,"1,649",Bottomwear
659,Men Tapered Blue Cotton Blend Trousers,671,HIGHLANDER,58%,"1,599",Bottomwear
660,Men Skinny Fit Green Cotton Blend Trousers,"1,199",PETER ENGLAND,25%,"1,599",Bottomwear
661,Men Regular Fit Brown Cotton Blend Trousers,824,PETER ENGLAND,45%,"1,499",Bottomwear
662,Solid Men Green Chino Shorts,537,HIGHLANDER,57%,"1,249",Bottomwear
663,Men Slim Fit Multicolor Pure Cotton Trousers,"1,049",U.S. POLO ASSN.,58%,"2,499",Bottomwear
664,Men Slim Fit Green Cotton Blend Trousers,759,HIGHLANDER,51%,"1,549",Bottomwear
665,Men Slim Fit Grey Cotton Blend Trousers,764,HIGHLANDER,55%,"1,699",Bottomwear
666,Men Skinny Fit Dark Green Cotton Blend Trousers,"1,494",PETER ENGLAND,35%,"2,299",Bottomwear
667,Men Skinny Fit Khaki Cotton Blend Trousers,"1,299",PETER ENGLAND,35%,"1,999",Bottomwear
668,Men Tapered Fit Mid Rise Light Blue Jeans,623,HIGHLANDER,52%,"1,299",Bottomwear
669,Men Slim Mid Rise Blue Jeans,767,HIGHLANDER,52%,"1,599",Bottomwear
670,Men Skinny Fit Brown Cotton Blend Trousers,"1,199",PETER ENGLAND,25%,"1,599",Bottomwear
671,Men Skinny Fit Brown Cotton Blend Trousers,"1,049",PETER ENGLAND,47%,"1,999",Bottomwear
672,Men Colorblock White Track Pants,569,HIGHLANDER,40%,949,Bottomwear
673,Men Regular High Rise Dark Blue Jeans,"1,511",Wrangler,46%,"2,799",Bottomwear
674,Men Solid Blue Track Pants,493,HIGHLANDER,48%,949,Bottomwear
675,Men Solid Blue Track Pants,"1,507",ADIDAS,24%,"1,999",Bottomwear
676,Men Slim Fit Cream Cotton Blend Trousers,"1,049",PETER ENGLAND,47%,"1,999",Bottomwear
677,Men Regular Fit Green Cotton Blend Trousers,999,PETER ENGLAND,50%,"1,999",Bottomwear
678,Men Slim Fit Blue Cotton Blend Trousers,783,HIGHLANDER,51%,"1,599",Bottomwear
679,Men Regular Mid Rise Grey Jeans,597,HIGHLANDER,54%,"1,299",Bottomwear
680,Men Regular Mid Rise Black Jeans,597,HIGHLANDER,54%,"1,299",Bottomwear
681,Men Tapered Fit Mid Rise Black Jeans,666,HIGHLANDER,54%,"1,449",Bottomwear
682,Men Slim Low Rise Dark Grey Jeans,623,HIGHLANDER,57%,"1,449",Bottomwear
683,Men Slim Fit Khaki Cotton Blend Trousers,"1,299",PETER ENGLAND,35%,"1,999",Bottomwear
684,Men Slim Mid Rise Black Jeans,832,HIGHLANDER,55%,"1,849",Bottomwear
685,Men Slim Low Rise Grey Jeans,775,HIGHLANDER,53%,"1,649",Bottomwear
686,Men Slim Mid Rise Dark Grey Jeans,666,HIGHLANDER,54%,"1,449",Bottomwear
687,Men Slim Fit Grey Cotton Blend Trousers,"1,499",PETER ENGLAND,25%,"1,999",Bottomwear
688,Men Skinny Low Rise Blue Jeans,"1,259",Wrangler,55%,"2,799",Bottomwear
689,Men Regular Mid Rise Black Jeans,597,HIGHLANDER,54%,"1,299",Bottomwear
690,Men Skinny Fit Green Cotton Blend Trousers,"1,199",PETER ENGLAND,25%,"1,599",Bottomwear
691,Men Skinny Fit Grey Cotton Blend Trousers,"1,499",PETER ENGLAND,25%,"1,999",Bottomwear
692,Men Tapered Fit Mid Rise Grey Jeans,971,HIGHLANDER,46%,"1,799",Bottomwear
693,Men Tapered Fit Mid Rise Grey Jeans,615,HIGHLANDER,56%,"1,399",Bottomwear
694,Men Slim Mid Rise Dark Grey Jeans,666,HIGHLANDER,54%,"1,449",Bottomwear
695,Men Tapered Blue Cotton Blend Trousers,671,HIGHLANDER,58%,"1,599",Bottomwear
696,Men Slim Fit Black Cotton Blend Trousers,"1,494",PETER ENGLAND,35%,"2,299",Bottomwear
697,Men Slim Fit Light Green Cotton Blend Trousers,"1,499",PETER ENGLAND,40%,"2,499",Bottomwear
698,Men Slim Mid Rise Black Jeans,725,HIGHLANDER,56%,"1,649",Bottomwear
699,Men Slim Mid Rise Blue Jeans,597,HIGHLANDER,54%,"1,299",Bottomwear
700,Men Skinny Fit Green Cotton Blend Trousers,"1,199",PETER ENGLAND,25%,"1,599",Bottomwear
701,Men Regular Fit Brown Cotton Blend Trousers,824,PETER ENGLAND,45%,"1,499",Bottomwear
702,Men Regular High Rise Dark Blue Jeans,"1,511",Wrangler,46%,"2,799",Bottomwear
703,Men Slim Fit Multicolor Pure Cotton Trousers,"1,049",U.S. POLO ASSN.,58%,"2,499",Bottomwear
704,Solid Men Green Chino Shorts,537,HIGHLANDER,57%,"1,249",Bottomwear
705,Men Slim Fit Green Cotton Blend Trousers,759,HIGHLANDER,51%,"1,549",Bottomwear
706,Men Skinny Fit Dark Green Cotton Blend Trousers,"1,494",PETER ENGLAND,35%,"2,299",Bottomwear
707,Men Skinny Fit Khaki Cotton Blend Trousers,"1,299",PETER ENGLAND,35%,"1,999",Bottomwear
708,Men Tapered Fit Mid Rise Black Jeans,615,HIGHLANDER,56%,"1,399",Bottomwear
709,Men Solid Grey Track Pants,548,HIGHLANDER,39%,899,Bottomwear
710,Men Skinny Fit Brown Cotton Blend Trousers,"1,199",PETER ENGLAND,25%,"1,599",Bottomwear
711,Men Skinny Fit Brown Cotton Blend Trousers,"1,049",PETER ENGLAND,47%,"1,999",Bottomwear
712,Men Solid Blue Track Pants,493,HIGHLANDER,48%,949,Bottomwear
713,Men Colorblock White Track Pants,569,HIGHLANDER,40%,949,Bottomwear
714,Men Tapered Fit Mid Rise Light Blue Jeans,671,HIGHLANDER,52%,"1,399",Bottomwear
715,Men Slim Fit Blue Cotton Blend Trousers,783,HIGHLANDER,51%,"1,599",Bottomwear
716,Men Slim Fit Cream Cotton Blend Trousers,"1,049",PETER ENGLAND,47%,"1,999",Bottomwear
717,Men Regular Fit Green Cotton Blend Trousers,999,PETER ENGLAND,50%,"1,999",Bottomwear
718,Men Regular Mid Rise Blue Jeans,597,HIGHLANDER,54%,"1,299",Bottomwear
719,Men Regular Mid Rise Grey Jeans,597,HIGHLANDER,54%,"1,299",Bottomwear
